SucursalID,Sucursal,Direccion,x,y,URL
1,CULIACAN, DR. RUPERTO PALIZA #87 COLONIA CENTRO,24.804042,-107.393253,https://maps.app.goo.gl/HeVsVfX7nCrDSSJB9
72,CUAUHTEMOC," FRAY SERVANDO TERESA DE MIER 351, COLONIA ESPERANZA",19.4227988,-99.1274473,https://maps.app.goo.gl/YJyR48QCSudu6bYu8
234,TUXTLA GUTIERREZ 11 NORTE,11 A CALLE ORIENTE NORTE #585. COL. BARRIO HIDALGO. ENTRE CALLEJON DEL PREVO Y PARQUE INTERIOR CONVIVENCIA INFANTIL,0,0,https://maps.app.goo.gl/m3FMsJUwd1wP3LfF7
183,PLAYA DEL CARMEN,"30 AV. NORTE S/N, COL. CENTRO, ENTRE CALLE 2 NTE Y 4 NTE",0,0,https://maps.app.goo.gl/2GXYTHX692aR9utM9
84,TUXTLA GUTIERREZ,"9NA AVENIDA SUR ORIENTE #388, COLONIA ASAMBLEA DEL BARRIO, SANTA CECILIA",16.746044,-93.115442,https://maps.app.goo.gl/kncSTUtArS61nB2Z6
54,ZAPOPAN LAS AGUILAS,"ADOLFO LOPEZ MATEOS #5561, COLONIA LAS AGUILAS",20.6273191,-103.4180805,https://maps.app.goo.gl/yL3QfEfZi9V8Pv3P9
109,CULIACAN LAS TORRES,"ALCATRAZ #3070 SUR, LOCAL 11, PLAZA COMERCIAL VIA CATALANA, FRACCIONAMIENTO BUGAMBILIAS",24.7665044,-107.4549331,https://maps.app.goo.gl/DWtSvEcKLutH8HNT6
155,PUEBLA EL PORVENIR,"AV 14 OTE #4815, AGRICOLA RESURGIMIENTO",0,0,https://maps.app.goo.gl/47nP6PfDTENoJAkk7
126,QUERETARO PIE DE LA CUESTA,"AV PIE DE LA CUESTA 1690 ENTRE BLVD. DE LA NACION, PRAXEDIS GUERRERO. COLONIA MISION BUCARELI NORTE",20.642206,-100.405711,https://maps.app.goo.gl/PZn1jRArhiH9AmqR7
204,QUERETARO AV DE LA LUZ,"AV, DE LA LUZ #321, COSMOS, ENTRE AV DE LAS FUENTES Y AV DE LA PIEDRA",0,0,https://maps.app.goo.gl/KSMH6a1Jvhdiuk1d7
102,NAUCALPAN,"AV. 1 DE MAYO #236-A, NUCALPAN",19.4661934,-99.234636,https://maps.app.goo.gl/iqHzazN4BdwqgMSi9
251,NICOLAS ROMERO,"AV. 16 DE SEPTIEMBRE #63-A COL. CENTRO, ENTRE CALLE EL TANQUE Y CALLE NIÑOS HEROES",0,0,https://maps.app.goo.gl/VKBW56DamnFYAS4n8
56,DURANGO,AV. 20 DE NOVIEMBRE #1106 COLONIA NUEVA VIZCAYA,24.02791,-104.652484,https://maps.app.goo.gl/bZNznyAb3RGJG4eq6
201,CUAUTITLAN,"AV. 20 DE NOVIEMBRE #224 COL. LOS MORALES 1A SECCION, ENTRE AV. FERROCARRILES PTE Y CALLE IGNACIO LOPEZ RAYON",0,0,https://maps.app.goo.gl/KfX3kJNZ1zRCmqcr6
122,CORDOBA,AV. 3 #905 ENTRE CALLES 9 Y 11. COLONIA CENTRO,18.891428,-96.932329,https://maps.app.goo.gl/5Hny95w6uwD1uqvJA
141,MONTERREY LINCOLN,"AV. ABRAHAM LINCOLN, #3809. MARVEL",0,0,https://maps.app.goo.gl/QqEoBynNsxA1bXeS8
83,NEZAHUALCOYOTL,"AV. ADOLFO LOPEZ MATEOS # 203 ENTRE AV. PANTITLAN Y GLORIETA DE BRUCELI , COL. EVOLUCION",19.3982998,-99.0293996,https://maps.app.goo.gl/fk5G58pLXMxoev5q7
216,SAN LUIS RIO COLORADO,"AV. ALVARO OBREGON #2201 COL. RESIDENCIAS, ENTRE CALLE 22 Y CALLE 23",0,0,https://maps.app.goo.gl/iXR5ML4CmnyN3XnJ6
42,GUADALAJARA AMERICAS,"AV. AMERICAS, #166, COLONIA LADRON DE GUEVARA",20.6796181,-103.3732312,https://maps.app.goo.gl/DVJBQMf5TyC3wbbw5
247,GUADALUPE AV JUAREZ,"AV. BENITO JUAREZ #132, COL. NUEVO LEON ENTRE CALLE ITURBIDE Y CALLE NUEVO LEON",0,0,https://maps.app.goo.gl/sm5iPRGi31w3MJB46
133,PACHUCA,AV. BENITO JUAREZ #202 COL. CENTRO ,20.122372,-98.738021,https://maps.app.goo.gl/riv63Qkn6w3n5kuR7
200,APODACA PLAZA CITADINA,"AV. CONCORDIA #801 COL. MISION SAN JOSE, PRIMER SECTOR, ENTRE CAMINO REAL A SANTA ROSA Y AV. FRAMBOYAN ",0,0,https://maps.app.goo.gl/5RCm8c6TsvvR91UW7
227,GUADALAJARA CRISTOBAL COLON,"AV. CRISTOBAL COLON #4060, COLONIA VILLA GUERRERO",0,0,https://maps.app.goo.gl/wcYhw4TcDstLhyCKA
81,IXTAPALUCA,"AV. CUAUHTEMOC #15, COL. JOSE DE LA PALMA, ENTRE SAN JOSE Y CENTENARIO",19.314914,-98.880788,https://maps.app.goo.gl/DVHTKTZd6wpn1LcF6
9,MEXICALI,AV. DE LOS HEROES #416 INT. B COLONIA CENTRO CIVICO ENTRE CALLE DE LA LIBERTAD Y CALZADA INDEPENDENCIA,32.6443027,-115.4950195,https://maps.app.goo.gl/7B6LYm1jYQE8ZTxU9
252,QUERETARO SUR,"AV. DEL PARQUE 1100, ZONA DOS EXTENDIDA, LAZARO CARDENAS",0,0,https://maps.app.goo.gl/JxGhcPVvBA97fWzB6
143,BOCA DEL RIO,AV. EJERCITO MEXICANO OTE. #1609 COL. LOS PINOS,0,0,https://maps.app.goo.gl/6o29jK7yrxFcr7Uw7
224,BENITO JUAREZ,"AV. ERMITA IZTAPALAPA #60, SINEO, COL. MIRAVALLE, ENTRE: CALLE MIRAVALLE Y AV. PDTE. PLUTARCO ELIAS CALLES",0,0,https://maps.app.goo.gl/9mHQWTWYTt5fkYUA9
60,MORELIA,"AV. FRANCISCO I. MADERO ORIENTE #597, COL. CENTRO",19.7031122,-101.185643,https://maps.app.goo.gl/HyjwgCa3RtcNAjho8
75,VALLE DE GUADALUPE,"AV. GOB. CARLOS HANK GONZALEZ ENTRE BENITO JUAREZ Y GOB. GRAL. ABUNDIO GOMEZ # 22, COL. GRANJAS VALLE DE GUADALUPE",19.50828,-99.060637,https://maps.app.goo.gl/rHSCVDfiQyopryh76
193,CULIACAN NAKAYAMA,AV. GRAL. FERNANDO CUEN #5903-3 SUR FRACCIONAMIENTO ANTONIO NAKAYAMA,0,0,https://maps.app.goo.gl/zBBBLzcnjytrVJSc7
236,VILLAHERMOSA GREGORIO MENDEZ,"AV. GREGORIO MENDEZ MAGAÑA 2905, ATASTA DE SERRA",0,0,https://maps.app.goo.gl/LccLdKazNWG3Y7ZQ6
71,IRAPUATO,"AV. GUERRERO NO.1302 INTERIOR 5D, SANTA JULIA",20.6828965,-101.3537558,https://maps.app.goo.gl/So1DZLLSGLYCnHhK8
238,CORREGIDORA EL PUEBLITO,"AV. HEROICO COLEGIO MILITAR 25, EL PUEBLITO",0,0,https://maps.app.goo.gl/Q98zpCP8xf8SYKSMA
104,ZAPOPAN CENTRO,AV. HIDALGO S/N COLONIA CENTRO ,20.721513,-103.388807,https://maps.app.goo.gl/rL2FKDkNuqzs2jUK9
65,VERACRUZ,"AV. IGNACIO ZARAGOZA 418, COLONIA CENTRO",19.197975,-96.135338,https://maps.app.goo.gl/Vjrs84AVnMokz4tw6
144,CHIHUAHUA DEPORTISTAS,"AV. INSTITUTO TECNOLOGICO #11301, COL. DEPORTISTAS. ",0,0,https://maps.app.goo.gl/63L5SAzARiSMKWRU9
243,CUAUHTEMOC INSURGENTES,"AV. INSURGENTES CENTRO #51 INT. LOCAL B COL. SAN RAFAEL, ENTRE CALLE VALENTIN GOMEZ FARIAS Y CALLE TOMAS ALVA EDISON",0,0,https://maps.app.goo.gl/tyrkmUzbFaxqHJ5P8
226,MERIDA CANEK,"AV. JACINTO CANEK 59A, AV. 59-A 288, BRISAS DEL PONIENTE",0,0,https://maps.app.goo.gl/VccovrAgpJBpSXze9
217,CANCUN LOPEZ PORTILLO,"AV. JOSE LOPEZ PORTILLO SUPERMANZANA 93, MANZANA 62, LOTE 17 SAN ANTONIO, ENTRE AV. HACIENDA Y CALLE 10",0,0,https://maps.app.goo.gl/i9qPgQX1AUbqs18JA
221,EL SALTO,"AV. JUANACATLAN # 458, CENTRO",0,0,https://maps.app.goo.gl/DfmBJx9yg4DBUyiS6
249,MONTERREY LAZARO CARDENAS,"AV. LAZARO CARDENAS #4429, COL. TORREBRISAS, ENTRE CALLE PUERTO PROGRESO Y CALLE GUAYMAS",0,0,https://maps.app.goo.gl/CKirqJYWq1P7ZkUX8
220,JUAREZ,"AV. LIC. ARTURO B DE LA GARZA #704 COL. JOAQUIN GARZA Y GARZA, ENTRE CALLE AGUSTIN MELGAR Y CALLE FERNANDO MONTES DE OCA",0,0,https://maps.app.goo.gl/xqSKv9UTn8Zj5VYY9
107,XALAPA,AV. MANUEL AVILA CAMACHO NO. 292 ZONA CENTRO,19.5399496,-96.928615,https://maps.app.goo.gl/NkMsGENPA6n13fnX7
203,ZAPOTLANEJO,"AV. MIGUEL HIDALGO #187-A COL. SAGRADO CORAZON, ENTRE CALLE ALVARO OBREGON Y CALLE GUADALUPE VICTORIA",0,0,https://maps.app.goo.gl/9t3cH4gnWzvWc6dP8
70,GUSTAVO A. MADERO,"AV. MONTEVIDEO ENTRE UNION Y TENAYO #26, COL. TEPEYAC INSURGENTES",19.4853809,-99.1201609,https://maps.app.goo.gl/QjjGyJQgZQWd4NnG6
89,CHIMALHUACAN,"AV. NEZAHUALCOYOTL #50 ENTRE CORREGIDORA Y 5 DE MAYO, COLONIA SANTA MARIA NATIVITAS, CHIMALHUACAN",19.4146389,-98.9407413,https://maps.app.goo.gl/YpAW9V7dguhySgaL8
150,SAN LUIS POTOSI MUÑOZ,"AV. PROLONGACION MUÑOZ #376, COL. ALBINO GARCIA",0,0,https://maps.app.goo.gl/tpxcFynmZySszCrb8
210,ESCOBEDO PLAZA LOS GIRASOLES,"AV. RAUL SALINAS LOZANO EXT. #3300 INT. #A13, A14, A15 COL. LOS GIRASOLES I , ENTRE CALLE LOS GIRASOLES Y AV. ALCATRACES (PLAZA LOS GIRASOLES), CD. GENERAL ESCOBEDO",0,0,https://maps.app.goo.gl/VcfuFvWmtWCy9Hh4A
244,QUERETARO REVOLUCION,"AV. REVOLUCION #441 INT. 6 (PLAZA EL TINTERO), FELIPE CARRILLO PUERTO, ENTRE CALLE CATALINA Y CALLE PLUTARCO ELIAS CALLES",0,0,https://maps.app.goo.gl/r1B8Zp5AytbLBgDr9
156,SAN NICOLAS PLAZA OPCION,"AV. ROMULO GARZA 400-2o SECTOR, ANTIGUL CORRAL DE PIEDRA 1 ER SECTOR",0,0,https://maps.app.goo.gl/fsfkvuYzXoyuui3t8
40,ENSENADA,AV. RUIZ #485 ZONA CENTRO,31.867639,-116.6260501,https://maps.app.goo.gl/Vfxzs5mDgBMAn2J67
225,TIJUANA MATAMOROS,"AV. RUTA MATAMOROS #9074, COL. MARIANO MATAMOROS CENTRO, ENTRE CAMINO A TENOCHTITLAN A Y CAMINO A PALENQUE",0,0,https://maps.app.goo.gl/txAVLFvN7C18R2Yt8
145,COLIMA,"AV. SAN FERNANDO #320. COLONIA COLIMA CENTRO, ENTRE CALLE GENERAL SILVERIO NUÑEZ E IGNACIO SANDOVAL",0,0,https://maps.app.goo.gl/ijsqAghxFSeAsVHPA
198,MONTERREY SAN BERNABE,"AV. SOLIDARIDAD #8940 COL. SAN BERNABE, ENTRE CALLE MONTE ALTO Y CALLE MANZANAS ",0,0,https://maps.app.goo.gl/zuLmks9EZVY88FtGA
223,CELAYA TECNOLOGICO,"AV. TECNOLOGICO #643 COLONIA FOVISSSTE, ENTRE CALLE MANUEL OROZCO Y BERRA Y CALLE ANTONIO GARCIA CUBAS ",0,0,https://maps.app.goo.gl/ztYcMnkhw98s498q9
240,CULIACAN UNIVERSITARIOS,AV. TENIENTE JUAN DE LA BARRERA #2419 NTE COL. TIERRA BLANCA ENTRE CALLE ARQUITECTOS Y ESQ. AV. UNIVERSITARIOS ,0,0,https://maps.app.goo.gl/MCPQBCXHdQcqRwZG9
69,TONALA TONALTECAS,AV. TONALTECAS N°65 ENTRE EMILIANO ZAPATA Y CONSTITUCION. COLONIA CENTRO,20.6264756,-103.2460368,https://maps.app.goo.gl/DVdR4hD2XoZMzKuw9
46,COYOACAN,"AV. UNIVERSIDAD #1338, DEL CARME, COYOACAN ",19.3583293,-99.1720677,https://maps.app.goo.gl/hD5Vekh482NYAYzi7
103,SAN NICOLAS DE LOS GARZA,"AV. UNIVERSIDAD NO.602, COLONIA CHAPULTEPEC",25.7447725,-100.3029552,https://maps.app.goo.gl/h36SGSJPBjN778k39
157,ZAMORA,"AV.5 DE MAYO #553 SUR, COL. JARDINES DE CATEDRAL",0,0,https://maps.app.goo.gl/9ayUNsuHAwUMsXks6
140,CAMPECHE,"AVE. GOBERNADORES #436 A COL. SANTA ANA, ENTRE CALLES ARGENTINA Y VENEZUELA",19.843275,90.525443,https://maps.app.goo.gl/VHgPsFeYiwK7YY8n6
58,PUEBLA,AVENIDA 2 PONIENTE #909 COLONIA CENTRO,19.0487934,-98.2054124,https://maps.app.goo.gl/ig4qBHX39dXsKZHt5
130,NOGALES,"AVENIDA ALVARO OBREGON #638, COL. CENTRO",31.320499,-110.946702,https://maps.app.goo.gl/AMREk4XHfhEgzLZP7
68,CIUDAD AZTECA,AVENIDA CENTRAL 149 COL. IGNACIO ALLENDE,19.528571,-99.029759,https://maps.app.goo.gl/bYCWe6MeJmq8JDaYA
82,GUADALAJARA CIRCUNVALACION,AVENIDA CIRCUNVALACION DR. ATL #571 COLONIA MONUMENTAL,20.6944567,-103.3234916,https://maps.app.goo.gl/9nYXYipjnejxXbi29
105,TLAJOMULCO,"AVENIDA CONCEPCION DEL VALLE NO.108, COLONIA SAN JOSE DEL VALLE ",20.5294609,-103.3765706,https://maps.app.goo.gl/6CgP4Qx7ZMtAzjSWA
129,ACAPULCO,AVENIDA CUAUHTEMOC #123. COLONIA PROGRESO,0,0,https://maps.app.goo.gl/pqS2oaPZuPbkeebA7
159,VERACRUZ NORTE,"AVENIDA DR. RAFAEL CUERVO #433 COL. PLAYA LINDA, ENTRE CALLE PLAYA BOCA ANDREA Y PLAYA SACRIFICIOS",0,0,https://maps.app.goo.gl/cxjuPcwiAGJ6q2DW7
185,MANZANILLO,"AVENIDA ELIAS ZAMORA #290 COLONIA VALLE DE LAS GARZAS, ENTRE AV DE LOS MANGLARES Y BARCINO A",0,0,https://maps.app.goo.gl/26E8CEXWeoXofNX67
128,GUADALUPE,"AVENIDA ELOY CAVAZOS NO. 5415, FRACCIONAMIENTO LA PLAYA, SEGUNDO SECTOR",25.653997,-100.206258,https://maps.app.goo.gl/ZjJ1FB4zRGGLMw2T6
149,GOMEZ PALACIO,"AVENIDA FRANCISCO I. MADERO #553 NORTE COLONIA CENTRO, ENTRE CALLE SANTIAGO LAVIN Y CONSTITUCION",0,0,https://maps.app.goo.gl/Y8fkVViYGrT7KXvb9
162,PUERTO VALLARTA,"AVENIDA FRANCISCO VILLA #1284 COL. LAS ARALIAS, ENTRE CALLE PAVO REAL Y AVENIDA DE LOS TULES",0,0,https://maps.app.goo.gl/MybapHutbiEjvLeH9
66,NAVOJOA,AVENIDA GENERAL IGNACIO PESQUEIRA 403 SUR COL. CENTRO,27.07732,-109.444456,https://maps.app.goo.gl/EeM9yL46NXj17zoR6
73,TLALNEPANTLA,AVENIDA HILDALGO NO. 80 COL. CENTRO,19.54302,-99.194586,https://maps.app.goo.gl/T63yeWZdFWPqB5Ng6
59,TOLUCA,AVENIDA INDEPENDENCIA #409 COLONIA SANTA CLARA,19.2923512,-99.6507248,https://maps.app.goo.gl/GrqR2LbaK77d5DhQA
98,COACALCO,AVENIDA JOSE LOPEZ PORTILLO NO. EXT. 19 # INTERIOR LOCAL L-03 COLONIA EX. HACIENDA SAN FELIPE,19.63382,-99.117869,https://maps.app.goo.gl/CQrjo6zNnZveLqhZA
117,SANTA CATARINA,AVENIDA MANUEL ORDOÑEZ N. 322 COLONIA VISTA A LA SIERRA,25.673653,-100.4579188,https://maps.app.goo.gl/ZqhRuMFyckUAhvhJ6
187,CHIHUAHUA NUEVA ESPAÑA,"AVENIDA NUEVA ESPAÑA M54 L99 CECYT, ENTRE CALLE NOVENA Y BLVD FUENTES MARES",0,0,https://maps.app.goo.gl/W45zqgqM2nEzYMV86
153,HUIXQUILUCAN,"AVENIDA PALO SOLO #130, COL. PALO SOLO, ENTRE CALLE 8 DE FEBRERO Y MARIANO ESCOBEDO ",0,0,https://maps.app.goo.gl/UXVkW4PT7XhPaCgDA
158,MORELIA 3 PUENTES,"AVENIDA PEDREGAL #81 COL. LINDAVISTA, ENTRE AV. FRANCISCO I. MADERO PONIENTE Y CALLE CANTERA",0,0,https://maps.app.goo.gl/SYdecozdPLiikvLEA
166,MERIDA ALTABRISA,"AVENIDA REPUBLICA DE COREA CALLE LATERAL 7 #558 COL. MAYA, ENTRE CALLE 24B Y 26 ",0,0,https://maps.app.goo.gl/yMKL8ND76rKqUFYt9
15,MEXICALI PEDREGAL,"AVENIDA RUBELITA 1100 VALLE DEL PEDREGAL, SEGUNDA SECCION",32.580663,-115.365227,https://maps.app.goo.gl/2YmGwp8p4u4yKLUg9
76,IZTAPALAPA,"AVENIDA TLAHUAC #1633, ESQUINA CON COAYUCA COLONIA SAN LORENZO TEZONCO",19.315447,-99.071663,https://maps.app.goo.gl/EejByQUdJpKh3sNv5
108,CANCUN,"AVENIDA TULUM #18 FRACCION B, SUPERMANZANA 5, COLONIA CENTRO",21.160282,-86.825141,https://maps.app.goo.gl/XwbZtH7nqBJvmh9m8
167,AGUASCALIENTES UNIVERSIDAD,"AVENIDA UNIVERSIDAD #407 COL. VILLAS DE LA UNIVERSIDAD, ENTRE AV. CANAL INTERCEPTOR Y LIC. SALVADOR AZUELA",0,0,https://maps.app.goo.gl/ff4wNR9ndF8tbcjL7
33,TIJUANA CENTRO,"BENITO JUAREZ #8175, ZONA CENTRO ",32.534533,-117.0383432,https://maps.app.goo.gl/NNntmYPpeDZt5hDh8
118,SAN CRISTOBAL DE LAS CASAS,"BLVD JUAN SABINES N.4, COLONIA BARRIO SAN ANTONIO",16.730572,-92.639783,https://maps.app.goo.gl/KhcPB4bits23tCLN7
197,POZA RICA,"BLVD. ADOLFO RUIZ CORTINES #2003 COL. MEXICO, ENTRE CALLE SINALOA Y CALLE NUEVO LEON",0,0,https://maps.app.goo.gl/U5N17i1MMibje4XT7
125,VILLAHERMOSA TABASCO,BLVD. ADOLFO RUIZ CORTINES S/N. COLONIA CASA BLANCA,17.9991262,-92.9175427,https://maps.app.goo.gl/buVNbqzM4yMRQjSD7
241,TIJUANA OTAY,"BLVD. ALBERTO LIMON PADILLA #17515 LOCAL A1-2 COL. VISTA ALAMAR, ENTRE BLVD. GARITA DE OTAY Y CALLE PERIMETRAL",0,0,https://maps.app.goo.gl/xXvQZF9DGbbWZQMWA
239,LOS MOCHIS ROSALES,"BLVD. ANTONIO ROSALES 547, MAYRA H PAMPLONA",0,0,https://maps.app.goo.gl/PuEykhFnPdgHRRkH8
202,CADEREYTA JIMENEZ,"BLVD. BENITO JUAREZ #900 COL. CENTRO, ENTRE CALLE ADOLFO LOPEZ MATEOS Y CALLE JOSE MAURO GARZA",0,0,https://maps.app.goo.gl/Z2jBf8pE9snQStvV7
230,LEON CAMPESTRE,"BLVD. CAMPESTRE #139 COL. JARDINES DEL MORAL, ENTRE BLVD. ADOLFO LOPEZ MATEOS Y CALLE CIRCUNVALACION OTE",0,0,https://maps.app.goo.gl/aLJeZX5tH9oU9NkY9
110,PUEBLA XILOTZINGO,BLVD. CAPITAN CARLOS CAMACHO ESPITITU NO. 26 COL. SAN JOSE XILOTZINGO ,18.98865,-98.200361,https://maps.app.goo.gl/ofQin6D2q1gdJJnT8
196,CULIACAN LA CONQUISTA,"BLVD. CONQUISTADORES #1246 INT. 2 COL. LA CONQUISTA, ESQUINA LOLA BELTRAN ",0,0,https://maps.app.goo.gl/ZaRVhgEsBRg9136YA
139,TIJUANA CUCAPAH,"BLVD. CUCAPAH #21381, ENTRE AV. 20 DE NOVIEMBRE Y CALLE ISLA TIBURON. COL. LOMAS DE MATAMOROS",32.5028658,-116.9739849,https://maps.app.goo.gl/wJFYdW4oFJjDc9CY9
222,DURANGO JUVENTUD,"BLVD. DE LA JUVENTUD #607 INT.C, COL. LUIS ECHEVERRIA, ENTRE CALLE TITANIO Y CALLE ESCANDIO",0,0,https://maps.app.goo.gl/sREVDSt2tywxQ2qRA
253,ACAPULCO DIAMANTE,"BLVD. DE LAS NACIONES 402, GRANJAS DEL MARQUEZ",0,0,https://maps.app.goo.gl/Wc8D1CTr6rKX6FRy8
134,LA PAZ,"BLVD. FORJADORES, #3110, COLONIA ADOLFO RUIZ CORTINES",24.137456,-110.312162,https://maps.app.goo.gl/2Q1QZPFT6DRJ7ihc8
211,LEON FRANCISCO VILLA,"BLVD. FRANCISCO VILLA EXT #604 INT #2 COL. EL TLACUACHE, ENTRE CALLE ROBERTO MONTES DE OCA Y BLVD. FRANCISCO GONZALEZ BOCANEGRA",0,0,https://maps.app.goo.gl/vmkYAnTscHW1Xxv47
212,TORREON PLAZA TRIANA,"BLVD. GRAL. PEDRO VERONA RODRIGUEZ TRIANA EXT #555 LOCAL 14, COL. SANTA ANITA",0,0,https://maps.app.goo.gl/ufAWsUnW5HZX2d9E7
146,TLAXCALA,"BLVD. GUILLERMO VALLE, #70 COL. CENTRO, ENTRE CALLES TLAHUIXOLOTL Y PENSIONES",0,0,https://maps.app.goo.gl/SwB9vexZXxiCLjwN7
182,HERMOSILLO MORELOS,"BLVD. JOSE MARIA MORELOS #271 COL. LOMA LINDA, ENTRE CALLE 5 Y AVENIDA TRES ",0,0,https://maps.app.goo.gl/xLi4jHDA3vtBd1Gn9
209,CIUDAD JUAREZ GOMEZ MORIN,"BLVD. MANUEL GOMEZ MORIN #8190 COL. LOS CEDROS, ENTRE AV. PASEO DE LA VICTORIA Y CALLE LOS CEDROS",0,0,https://maps.app.goo.gl/ngiZvPZVJzSsyY9V8
233,LEON HIDALGO,"BLVD. MIGUEL HIDALGO #2709, COL. TABLAS DE LA VIRGEN, ENTRE ESQ. CALLE ROBLE DEL VALLE Y CALLE ENCINO DEL VALLE",0,0,https://maps.app.goo.gl/yQUBMEXChC5cpcbk6
138,REYNOSA,"BLVD. MORELOS, S/N. ENTRE CALLE 2 DE FEBRERO Y AV. AMERICO VILLARREAL, COLONIA SANTA FE",0,0,https://maps.app.goo.gl/6kbNw7uveZWfc5uP8
97,PUEBLA CAPU,BLVD. NORT #3860 COL. LAS CUARTILLAS. ENTRE DE LA PRADERA Y 36 PONIENTE,19.0717708,-98.2063276,https://maps.app.goo.gl/91cgqCtBiUS2FN6UA
207,SILAO,"BLVD. RAUL BAILLERES PTE #29, COL. CENTRO, ENTRE CALLE GRAL. VICENTE GUERRERO Y ALVARO OBREGON NTE",0,0,https://maps.app.goo.gl/C8Yc6qxduufcwtLK7
195,HERMOSILLO SOLIDARIDAD,"BLVD. SOLIDARIDAD #696 COL. PRIMERO HERMOSILLO, ENTRE CALLE IGNACIO P. DE PRECIADO Y PEDRO ROSAS",0,0,https://maps.app.goo.gl/bvQufkFLd8DKYVAs6
237,HERMOSILLO PALO VERDE,"BLVD. SOLIDARIDAD 785, PALO VERDE",0,0,https://maps.app.goo.gl/iWejnanBDniGrmQt6
219,GARCIA,"BLVD. SOR JUANA INES DE LA CRUZ #1,000, COL. LAS ARBOLEDAS, ENTRE BLVD. HEBERTO CASTILLO MARTINE Y CALLE ROBLE",0,0,https://maps.app.goo.gl/7Y45r6kmZErQJPSS9
189,ACAPULCO RENACIMIENTO,"BLVD. VICENTE GUERRERO #32, ZAPATA, EMILIANO ZAPATA",0,0,https://maps.app.goo.gl/Ad8MtcUSFBkgq3nd7
48,LEON OBELISCO,"BLVD. VICENTE VALTIERRA #2602-A, COL. LA CANDELARIA",21.1303551,-101.6575529,https://maps.app.goo.gl/Asos36uy8CfGxtv78
147,LEON TORRES LANDA,"BLVR. JUAN JOSE TORRES LANDA #1301, ENTRE AV. LA MERCED Y CALLE FAISAN, CENTRO BODEGUERO ROBLES",0,0,https://maps.app.goo.gl/wx6sZNmngdn7HLEb8
137,MONTERREY LA FE,"BOULEVARD ACAPULCO #1500 COLONIA RESIDENCIAL SANTA FE, ENTRE CALLES MALVINAS Y PATAGONIA",0,0,https://maps.app.goo.gl/ahEPFFZHPFuVQfig7
113,CELAYA,"BOULEVARD ADOLFO LOPEZ MATEOS 1011, COL. BARRIO DE SANTO CRISTO",20.519955,-100.82654,https://maps.app.goo.gl/CbdLjWmsDJmytdjPA
12,TIJUANA,BOULEVARD GUSTAVO DIAZ ORDAZ #1084 COLONIA GUILLEN,32.5028658,-116.9739849,https://maps.app.goo.gl/reEozS698veefcAF8
136,PUEBLA SAN SEBASTIAN,"BOULEVARD XONACATEPEC #174 COLONIA BOSQUES DE SAN SEBASTIAN, ENTRE AV. DE LAS ROSAS Y BLVD. MARGARITAS",0,0,https://maps.app.goo.gl/Sj3zk56FvWyuDEwj7
248,SAN MARTIN TEXMELUCAN,"C. 16 DE SEPTIEMBRE 208, COL. DOMINGO ARENAS",0,0,https://maps.app.goo.gl/EyiFoMYs13KsPf119
55,AZCAPOTZALCO,"CALLE 16 DE SEPTIEMBRE #7,  COLONIA AZCAPOTZALCO CENTRO",19.4785174,-99.1864706,https://maps.app.goo.gl/yNLaDV2QE3EhiefY6
205,TLAQUEPAQUE,"CALLE 18 DE MARZO #123, COL. SAN PEDRITO, ENTRE CALLE PETROLEROS MEXICANOS Y CALLE POZA RICA ",0,0,https://maps.app.goo.gl/qWb6dq9HSkddLxCd8
188,TAPACHULA,"CALLE 2DA OTE, LOS NARANJOS, CENTRO ",0,0,https://maps.app.goo.gl/TFbET4GmZ67DWnNWA
152,CIUDAD JUAREZ,"CALLE 5 DE MAYO #106 COL. PARTIDO ROMERO, ENTRE CALLES 16 DE SEPTIEMBRE E IGNACIO ZARAGOZA",0,0,https://maps.app.goo.gl/NUBi9h1bCDTe77yx8
160,TUXTLA GUTIERREZ 5TA NORTE,"CALLE 5A NORTE PONIENTE #1482 COL. JUY JUY, ENTRE CALLE 14A PONIENTE NORTE Y 13A PONIENTE NORTE",0,0,https://maps.app.goo.gl/NVEfnpS9WWoTCvAD6
112,MERIDA,"CALLE 64 #499, COLONIA CENTRO",20.968145,-89.625872,https://maps.app.goo.gl/iN8wJsD3n1yHaArC6
186,CARDENAS,"CALLE ABRAHAM BANDELA S/N, COL. PUEBLO NUEVO",0,0,https://maps.app.goo.gl/BKnPS83cpjz7BBqNA
88,RIO DE LOS REMEDIOS,"CALLE ACAMBAY #2, ESQ. AV. RIO DE LOS REMEDIOS",19.509769,-99.08979,https://maps.app.goo.gl/eoCjd3H7oYyEEbhL9
78,CHIHUAHUA,CALLE ALDAMA #502 ENTRE LAS CALLES QUINTA Y CALLE TERCERA COL. CENTRO,28.637286,-106.074493,https://maps.app.goo.gl/oF8gepuoDyU1jY7ZA
127,TAMPICO,"CALLE ALTAMIRA #207 COLONIA CENTRO, ENTRE CALLE FRAY ANDRES DE OLMOS Y CALLE BENITO JUAREZ",22.216727,-97.856266,https://maps.app.goo.gl/4AHEwKNCw25xC7Ps9
64,VISTA HERMOSA,"CALLE CIPRES #63, FRACC.BELLA VISTA",20.264296,-102.467691,https://maps.app.goo.gl/SnaFWT66CHucCTFeA
213,TLAJOMULCO CENTRO,"CALLE CONSTITUCION PTE #9 COL. CENTRO, ENTRE CALLE JUAREZ EJE SUR Y CALLE FLAVIANO RAMOS SUR",0,0,https://maps.app.goo.gl/4ge5bg64uMqFHqjk8
8,GUASAVE,CALLE CORREGIDORA #391 COLONIA CENTRO,25.5604612,-108.4635252,https://maps.app.goo.gl/KMwM1Dwj3iVTeLki9
123,OAXACA,CALLE DE ALDAMA #105 COLONIA CENTRO,17.058108,-96.72584,https://maps.app.goo.gl/78HEUQCdrB4ntMmk8
61,GUADALAJARA TETLAN,"CALLE GIGANTES, #4366, ENTRE GUINEA Y PRESA LAUREL, COLONIA ALDAMA TETLAN",20.6595625,-103.2759847,https://maps.app.goo.gl/LmVAhVK95xmcXRCPA
119,CUERNAVACA,CALLE GRAL HERMENEGILDO GALEANA #552 COL. LAS PALMAS,18.9120559,-99.2338401,https://maps.app.goo.gl/iCLngs8z7sxLNFac6
168,SAN JUAN DEL RIO,"CALLE GRAL. FRANCISCO VILLA #1 Y 3 COL. CENTRO, ENTRE AV. BENITO JUAREZ Y AQUILES SERDAN",0,0,https://maps.app.goo.gl/qxMdRrVpatTn3PxJ6
246,TIJUANA CASA BLANCA,"CALLE HERMENEGILDO GALEANA #23521, COL. VILLA DEL REAL, ENTRE BLVD. CASA BLANCA Y CALLE 2 ",0,0,https://maps.app.goo.gl/LJLZi2CDaYsuv8N97
164,COATZACOALCOS,"CALLE IGNACION ALLENDE Y VICENTE GUERRERO #613, AVENIDA IGNACIO ZARAGOZA #613, CENTRO",0,0,https://maps.app.goo.gl/aaLG5DEmf4ZKUc877
111,METEPEC,CALLE MANUEL J. CLOUTHIER NO. 811 L2 SAN JERONIMO CHICAHUALCO,19.28202,-99.594502,https://maps.app.goo.gl/6g8NHbhmGzCuUqpV7
77,SAN LUIS POTOSI,CALLE MANUEL JOSE OTHON #423 COLONIA CENTRO,22.152268,-100.972727,https://maps.app.goo.gl/chykkNfCEQXHizY27
235,SAN LUIS POTOSI DE GALVEZ,"Av. José de Gálvez 620, Ricardo B. Anaya 1ra Secc, 78390 San Luis Potosí, S.L.P.",0,0,https://maps.app.goo.gl/maSkHwBMzbQNodaG6
131,SALAMANCA,"CALLE MIGUEL HIDALGO #209, CENTRO",20.569821,-101.197242,https://maps.app.goo.gl/EhRv6F4hfFZ9W8588
151,CUAJIMALPA,"CALLE OCAMPO NUMERO 122 ANTES 17 LETRA B ENTRE AVENIDA MEXICO Y AVENIDA VERACRUZ, COLONIA CUAJIMALPA",0,0,https://maps.app.goo.gl/jKSHvF6ywkqT6F5WA
62,MONTERREY,"CALLE PADRE MIER PTE. #185, COLONIA MONTERREY CENTRO",25.6687724,-100.3167421,https://maps.app.goo.gl/mKBufP38ekf7z4xA9
206,NUEVO LAREDO,"CALLE PINO SUAREZ #2802 COL. CENTRO, ENTRE AV. OCAMPO Y AV. VICENTE GUERRERO",0,0,https://maps.app.goo.gl/uWNgqRmhjxjyqeLD9
92,CHALCO,"CALLE REFORMA #13, SAN FRANCISCO, CHALCO DE DIAZ COVARRUBIAS",19.263095,-98.896606,https://maps.app.goo.gl/JZx2DgZbhG68uxm96
184,DELICIAS,"CALLE TERCERA NORTE #507 SUR COL. SECTOR NORTE, ENTRE AV. QUINTA NORTE Y AV. SEXTA NORTE",0,0,https://maps.app.goo.gl/8ympjeGGhDviVaE98
120,URUAPAN,CALLE VERACRUZ #111 ESQUINA CON CALLE CHIAPAS  COLONIA RAMON FARIAS,19.423811,-102.047665,https://maps.app.goo.gl/KiQYtkUNEeC1qKLL8
80,MIGUEL HIDALGO,"CALZ. MEXICO TACUBA # 737 ENTRE MAR ARABIGO Y AQUILES SERDAN , COL. TACUBA",19.4591436,-99.1862279,https://maps.app.goo.gl/MBUdGmwxSMapaJD59
95,IZTACALCO LA VIGA,"CALZADA DE LA VIGA # 835 ENTRE SANTIAGO Y CALLEJON A. GARCIA, COL. SANTIAGO NORTE",19.3906324,-99.1229181,https://maps.app.goo.gl/2gS1rFDu36BguZ1Y7
148,ALVARO OBREGON,"CALZADA DE LAS AGUILAS #1258, COL. PUENTE COLORADO",0,0,https://maps.app.goo.gl/3NcvxdNuj3XLKPdQ8
79,TLALPAN,"CALZADA DE TLALPAN #5043, TLALPAN CENTRO II DELEGACION TLALPAN",19.280441,-99.166216,https://maps.app.goo.gl/JysmDuXWDx2KoWC6A
132,ZACATECAS,"CALZADA FCO. GARCIA SALINAS #210, COL. MEDICOS VETERINARIOS, ENTRE CALLE DAVID CABRAL ROMAN Y MEDICOS VETERINARIOS",22.758059,-102.543835,https://maps.app.goo.gl/QFAfEPkXL3NTcxWL8
165,MEXICALI LAZARO CARDENAS,"CALZADA GENERAL LAZARO CARDENAS #1563 COL. VILLA FONTANA, ENTRE CALLE MONTECARLO Y LUXEMBURGO ",0,0,https://maps.app.goo.gl/jf4wSK1kEqaVVBdJ6
163,CULIACAN COLEGIO MILITAR,"CALZADA HEROICO COLEGIO MILITAR #1384 COL. EMILIANO ZAPATA, ENTRE CALLE PLAN DE AGUA PRIETA Y PLAN DE AYALA ",24.790329,-107.372618,https://maps.app.goo.gl/4weYPijdKhj5ifbb8
96,CULHUACAN,"CALZADA TAXQUEÑA #2044 COL. SAN FRANCISCO CULHUACAN DE LA MAGDALENA, ENTRE CALLE ZAPATA Y AV. CANAL NACIONAL, COAYACAN",19.3386838,-99.1113192,https://maps.app.goo.gl/ihyHJeL7GoZr51DP8
87,LOS REYES-LA PAZ,"CARR. FEDERAL MEXICO PUEBLA # 5000 ENTRE GENERALISMO MORELOS Y AV. MEXICO, COL. LOS REYES ACAQUILPAN",19.358639,-98.99297,https://maps.app.goo.gl/i2Wb9rVUXBPHseL2A
85,TECAMAC,"CARR. FEDERAL PACHUCA MEXICO KM 32., COL. LOMA BONITA, TECAMAC",19.668401,-99.0037,https://maps.app.goo.gl/mDqbJ9CyGQg2zt2k8
74,ATIZAPAN DE ZARAGOZA,"CARRETERA ATIZAPAN VILLA DE NICOLAS ROMERO BODEGA NO. 26, COLONIA MEXICO NUEVO",19.570359,-99.254715,https://maps.app.goo.gl/zMf4p3mnXVwPSVLg8
232,SAN ANDRES CHOLULA,"CARRETERA FEDERAL PUEBLA-ATLIXCO #3532 COL. CONCEPCION DE LA CRUZ, ENTRE ESQUINA C. DE LA CONCEPCION Y CALZ. CONCEPCION ZAVALETA",0,0,https://maps.app.goo.gl/LQPh4vM9Dj65Ea9r8
37,HERMOSILLO,"DR. NORIEGA # 93, COL. CENTRO",29.0799045,-110.9541522,https://maps.app.goo.gl/9oUYRNx2EN5FtZHE7
6,MAZATLAN,"EJERCITO MEXICANO #1018, COL. SAN ANGEL",23.223215,-106.4193339,https://maps.app.goo.gl/eAQgiaoXcAHiNH9c7
86,IZTAPALAPA CENTRO,"ERMITA IZTAPALAPA # 1272, COL. SAN PABLO, DELEGACION IZTAPALAPA",19.358481,-99.091444,https://maps.app.goo.gl/oHHGTVBBpnir5wpZA
101,TOLUCA CENTRAL,"FELIPE BERRIOZABAL S/N, ENTRE CALLE ALFREDO MANZO VELEZ Y ALFREDO ZARATE ALBARRAN, COL. VALE VERDE Y TERMINAL",19.2743703,-99.6441725,https://maps.app.goo.gl/z9YftzxcspAzAxma9
43,GUADALAJARA SAN JUAN,"FRANCISCO JAVIER MINA #511, COL. SAN JUAN DE DIOS",20.673191,-103.3327416,https://maps.app.goo.gl/t1Uk1DwXbnTV7Hny8
190,CIUDAD VICTORIA,HERMANOS VAZQUEZ GOMEZ ESQUINA JUAREZ #730 COL. CENTRO. ENTRE CALLE BENITO JUAREZ Y BLVD. PRAXEDIS BALBOA,0,0,https://maps.app.goo.gl/rH69sMzBvXmJ5y1q8
47,SALTILLO,"IGNACIO ALLENDE #721, COL CENTRO",25.4279611,-100.9988508,https://maps.app.goo.gl/L2KShNhZhKQRgERAA
52,QUERETARO,IGNACIO ZARAGOZA #15 COLONIA CENTRO,20.5866525,-100.395426,https://maps.app.goo.gl/cbRN6XikevfzofTP8
14,NAVOLATO,"JORGE ALMADA # 229 SUR, COL. CENTRO",24.7670739,-107.700094,https://maps.app.goo.gl/q59KuQ5xCubUUDxi6
142,MATAMOROS,"LAGUNA SALADA 102, SAN FRANCISCO ",0,0,https://maps.app.goo.gl/5nBdhUpjH3SMydGN6
41,CULIACAN CAÑADAS,MANUEL J. CLOUTHIER 127 COLONIA CAÑADAS,24.7812344,-107.412044,https://maps.app.goo.gl/bsTe95oSHQbdR2Na9
51,TEPIC,MEXICO NORTE #37 COLONIA CENTRO,21.5079886,-104.8929145,https://maps.app.goo.gl/uuwKGDjaXFTUYmjr9
25,OBREGON,"MIGUEL ALEMAN # 330, COL. CENTRO ",27.4909726,-109.9306315,https://maps.app.goo.gl/7E4WeK53p54m6Cpm7
28,LEON,"PEDRO MORENO #110, COL. ZONA CENTRO",21.1232806,-101.6807505,https://maps.app.goo.gl/oePdXapyNqfGv52A8
57,TORREON,"PRESIDENTE VENUSTIANO CARRANZA #1499, COLONIA CENTRO",25.5356797,-103.4641012,https://maps.app.goo.gl/zyt7dJgv7xyeeEVaA
27,AGUASCALIENTES,"RIVERO Y GUTIERREZ # 302 A Y B, COL. CENTRO",21.8824504,-102.2982319,https://maps.app.goo.gl/eNrU49sR6VG1bbFP8
5,LOS MOCHIS,SANTOS DEGOLLADO #200 COLONIA CENTRO,25.7889013,-108.9896587,https://maps.app.goo.gl/63Zvrs7dQyhJnfUH7
99,TULTITLAN,VIA JOSE LOPEZ PORTILLO NO. 27 COL. MARIANO ESCOBEDO,19.609343,-99.181981,https://maps.app.goo.gl/ffUooziYrh7m6EdY8
50,ECATEPEC,VIA JOSE MARIA MORELOS #57 COLONIA JAJALPA,19.596219,-99.037571,https://maps.app.goo.gl/FLjNm6Q1VT4gmc7W7
